{"cameraMode":{"drawMode":0,"name":"Shaded","section":"Shading Mode"},"sceneLighting":false,"audioPlay":false,"sceneViewState":{"showFog":true,"showMaterialUpdate":false,"showSkybox":true,"showFlares":true,"showImageEffects":true,"showParticleSystems":true},"in2DMode":false,"pivot":{"x":-0.8385162353515625,"y":-0.5303373336791992,"z":1.1326866149902344},"rotation":{"x":0.06710655242204666,"y":-0.9102983474731445,"z":0.16311855614185334,"w":0.37449440360069277},"size":8.282322883605957,"orthographic":false}