{"cameraMode":{"drawMode":0,"name":"Shaded","section":"Shading Mode"},"sceneLighting":false,"audioPlay":false,"sceneViewState":{"showFog":true,"showMaterialUpdate":false,"showSkybox":true,"showFlares":true,"showImageEffects":true,"showParticleSystems":true},"in2DMode":false,"pivot":{"x":-3.838602066040039,"y":-1.5835790634155274,"z":-1.2899436950683594},"rotation":{"x":-0.3499247133731842,"y":-0.38319629430770876,"z":0.1596742421388626,"w":-0.8397722840309143},"size":18.855478286743165,"orthographic":false}