{"cameraMode":{"drawMode":0,"name":"Shaded","section":"Shading Mode"},"sceneLighting":false,"audioPlay":false,"sceneViewState":{"showFog":true,"showMaterialUpdate":false,"showSkybox":true,"showFlares":true,"showImageEffects":true,"showParticleSystems":true},"in2DMode":false,"pivot":{"x":0.21994733810424806,"y":0.08640050888061524,"z":0.11045318841934204},"rotation":{"x":0.2147434949874878,"y":-0.19193504750728608,"z":0.04308352246880531,"w":0.9566556215286255},"size":1.5452344417572022,"orthographic":false}