{"cameraMode":{"drawMode":0,"name":"Shaded","section":"Shading Mode"},"sceneLighting":false,"audioPlay":false,"sceneViewState":{"showFog":true,"showMaterialUpdate":false,"showSkybox":true,"showFlares":true,"showImageEffects":true,"showParticleSystems":true},"in2DMode":false,"pivot":{"x":0.3429194688796997,"y":-0.5966033935546875,"z":1.9438977241516114},"rotation":{"x":-0.1952562779188156,"y":-0.24051927030086518,"z":0.04945985972881317,"w":-0.9495152831077576},"size":7.330229759216309,"orthographic":false}