{"cameraMode":{"drawMode":0,"name":"Shaded","section":"Shading Mode"},"sceneLighting":false,"audioPlay":false,"sceneViewState":{"showFog":true,"showMaterialUpdate":false,"showSkybox":true,"showFlares":true,"showImageEffects":true,"showParticleSystems":true},"in2DMode":false,"pivot":{"x":-9.871789932250977,"y":3.1853015422821047,"z":-8.069622039794922},"rotation":{"x":0.04064382240176201,"y":-0.8518368601799011,"z":0.06684576719999314,"w":0.5179321765899658},"size":25.105653762817384,"orthographic":false}