{"cameraMode":{"drawMode":0,"name":"Shaded","section":"Shading Mode"},"sceneLighting":false,"audioPlay":false,"sceneViewState":{"showFog":true,"showMaterialUpdate":false,"showSkybox":true,"showFlares":true,"showImageEffects":true,"showParticleSystems":true},"in2DMode":false,"pivot":{"x":-0.8740547895431519,"y":-0.5306308269500732,"z":1.1680415868759156},"rotation":{"x":-0.1952562779188156,"y":-0.24051927030086518,"z":0.04945985972881317,"w":-0.9495152831077576},"size":4.041658401489258,"orthographic":false}