{"cameraMode":{"drawMode":0,"name":"Shaded","section":"Shading Mode"},"sceneLighting":false,"audioPlay":false,"sceneViewState":{"showFog":true,"showMaterialUpdate":false,"showSkybox":true,"showFlares":true,"showImageEffects":true,"showParticleSystems":true},"in2DMode":false,"pivot":{"x":0.0149688720703125,"y":-1.2924094200134278,"z":0.315093994140625},"rotation":{"x":-0.1952562779188156,"y":-0.24051927030086518,"z":0.04945985972881317,"w":-0.9495152831077576},"size":41.192047119140628,"orthographic":false}