{"cameraMode":{"drawMode":0,"name":"Shaded","section":"Shading Mode"},"sceneLighting":false,"audioPlay":false,"sceneViewState":{"showFog":true,"showMaterialUpdate":false,"showSkybox":true,"showFlares":true,"showImageEffects":true,"showParticleSystems":true},"in2DMode":false,"pivot":{"x":-192.6919403076172,"y":-179.27735900878907,"z":-298.0594482421875},"rotation":{"x":0.0666407123208046,"y":-0.9324144124984741,"z":0.22848401963710786,"w":0.27195116877555849},"size":969.9749755859375,"orthographic":false}