{"cameraMode":{"drawMode":0,"name":"Shaded","section":"Shading Mode"},"sceneLighting":false,"audioPlay":false,"sceneViewState":{"showFog":true,"showMaterialUpdate":false,"showSkybox":true,"showFlares":true,"showImageEffects":true,"showParticleSystems":true},"in2DMode":false,"pivot":{"x":-3.75543212890625,"y":-3.6544365882873537,"z":8.951334953308106},"rotation":{"x":0.2147434949874878,"y":-0.19193504750728608,"z":0.04308352246880531,"w":0.9566556215286255},"size":11.858707427978516,"orthographic":false}