{"cameraMode":{"drawMode":0,"name":"Shaded","section":"Shading Mode"},"sceneLighting":false,"audioPlay":false,"sceneViewState":{"showFog":true,"showMaterialUpdate":false,"showSkybox":true,"showFlares":true,"showImageEffects":true,"showParticleSystems":true},"in2DMode":false,"pivot":{"x":0.516071081161499,"y":0.7290503978729248,"z":0.5635623931884766},"rotation":{"x":0.2147434949874878,"y":-0.19193504750728608,"z":0.04308352246880531,"w":0.9566556215286255},"size":5.14523458480835,"orthographic":false}